contract_version,identifier_type,identifier,fiscal_year,fiscal_quarter,period_end_date,sales,ebitda,ebit,pat,opm,npm,source,provider,retrieved_at
1.0,NSE_SYMBOL,SEED001,2024,Q1,2023-06-30,410.00,,61.50,41.00,12.00,8.00,SEED:SEED001,manual,2026-08-10T00:00:00+00:00
1.0,NSE_SYMBOL,SEED001,2024,Q2,2023-09-30,430.50,,64.58,43.05,12.50,8.30,SEED:SEED001,manual,2026-08-10T00:00:00+00:00
1.0,NSE_SYMBOL,SEED001,2024,Q3,2023-12-31,451.00,,67.65,45.10,13.00,8.60,SEED:SEED001,manual,2026-08-10T00:00:00+00:00
1.0,NSE_SYMBOL,SEED001,2024,Q4,2024-03-31,471.50,,70.72,47.15,13.50,8.90,SEED:SEED001,manual,2026-08-10T00:00:00+00:00
1.0,NSE_SYMBOL,SEED001,2025,Q1,2024-06-30,512.50,,76.88,51.25,14.00,8.00,SEED:SEED001,manual,2026-08-10T00:00:00+00:00
1.0,NSE_SYMBOL,SEED002,2024,Q1,2023-06-30,420.00,,63.00,42.00,12.00,8.00,SEED:SEED002,manual,2026-08-10T00:00:00+00:00
1.0,NSE_SYMBOL,SEED002,2024,Q2,2023-09-30,441.00,,66.15,44.10,12.50,8.30,SEED:SEED002,manual,2026-08-10T00:00:00+00:00
1.0,NSE_SYMBOL,SEED002,2024,Q3,2023-12-31,462.00,,69.30,46.20,13.00,8.60,SEED:SEED002,manual,2026-08-10T00:00:00+00:00
1.0,NSE_SYMBOL,SEED002,2024,Q4,2024-03-31,483.00,,72.45,48.30,13.50,8.90,SEED:SEED002,manual,2026-08-10T00:00:00+00:00
1.0,NSE_SYMBOL,SEED002,2025,Q1,2024-06-30,525.00,,78.75,52.50,14.00,8.00,SEED:SEED002,manual,2026-08-10T00:00:00+00:00
1.0,NSE_SYMBOL,SEED003,2024,Q1,2023-06-30,430.00,,64.50,43.00,12.00,8.00,SEED:SEED003,manual,2026-08-10T00:00:00+00:00
1.0,NSE_SYMBOL,SEED003,2024,Q2,2023-09-30,451.50,,67.72,45.15,12.50,8.30,SEED:SEED003,manual,2026-08-10T00:00:00+00:00
1.0,NSE_SYMBOL,SEED003,2024,Q3,2023-12-31,473.00,,70.95,47.30,13.00,8.60,SEED:SEED003,manual,2026-08-10T00:00:00+00:00
1.0,NSE_SYMBOL,SEED003,2024,Q4,2024-03-31,494.50,,74.17,49.45,13.50,8.90,SEED:SEED003,manual,2026-08-10T00:00:00+00:00
1.0,NSE_SYMBOL,SEED003,2025,Q1,2024-06-30,537.50,,80.62,53.75,14.00,8.00,SEED:SEED003,manual,2026-08-10T00:00:00+00:00
1.0,NSE_SYMBOL,SEED004,2024,Q1,2023-06-30,440.00,,66.00,44.00,12.00,8.00,SEED:SEED004,manual,2026-08-10T00:00:00+00:00
1.0,NSE_SYMBOL,SEED004,2024,Q2,2023-09-30,462.00,,69.30,46.20,12.50,8.30,SEED:SEED004,manual,2026-08-10T00:00:00+00:00
1.0,NSE_SYMBOL,SEED004,2024,Q3,2023-12-31,484.00,,72.60,48.40,13.00,8.60,SEED:SEED004,manual,2026-08-10T00:00:00+00:00
1.0,NSE_SYMBOL,SEED004,2024,Q4,2024-03-31,506.00,,75.90,50.60,13.50,8.90,SEED:SEED004,manual,2026-08-10T00:00:00+00:00
1.0,NSE_SYMBOL,SEED004,2025,Q1,2024-06-30,550.00,,82.50,55.00,14.00,8.00,SEED:SEED004,manual,2026-08-10T00:00:00+00:00
1.0,NSE_SYMBOL,SEED005,2024,Q1,2023-06-30,450.00,,67.50,45.00,12.00,8.00,SEED:SEED005,manual,2026-08-10T00:00:00+00:00
1.0,NSE_SYMBOL,SEED005,2024,Q2,2023-09-30,472.50,,70.88,47.25,12.50,8.30,SEED:SEED005,manual,2026-08-10T00:00:00+00:00
1.0,NSE_SYMBOL,SEED005,2024,Q3,2023-12-31,495.00,,74.25,49.50,13.00,8.60,SEED:SEED005,manual,2026-08-10T00:00:00+00:00
1.0,NSE_SYMBOL,SEED005,2024,Q4,2024-03-31,517.50,,77.62,51.75,13.50,8.90,SEED:SEED005,manual,2026-08-10T00:00:00+00:00
1.0,NSE_SYMBOL,SEED005,2025,Q1,2024-06-30,562.50,,84.38,56.25,14.00,8.00,SEED:SEED005,manual,2026-08-10T00:00:00+00:00
1.0,NSE_SYMBOL,SEED006,2024,Q1,2023-06-30,460.00,,69.00,46.00,12.00,8.00,SEED:SEED006,manual,2026-08-10T00:00:00+00:00
1.0,NSE_SYMBOL,SEED006,2024,Q2,2023-09-30,483.00,,72.45,48.30,12.50,8.30,SEED:SEED006,manual,2026-08-10T00:00:00+00:00
1.0,NSE_SYMBOL,SEED006,2024,Q3,2023-12-31,506.00,,75.90,50.60,13.00,8.60,SEED:SEED006,manual,2026-08-10T00:00:00+00:00
1.0,NSE_SYMBOL,SEED006,2024,Q4,2024-03-31,529.00,,79.35,52.90,13.50,8.90,SEED:SEED006,manual,2026-08-10T00:00:00+00:00
1.0,NSE_SYMBOL,SEED006,2025,Q1,2024-06-30,575.00,,86.25,57.50,14.00,8.00,SEED:SEED006,manual,2026-08-10T00:00:00+00:00
1.0,NSE_SYMBOL,SEED007,2024,Q1,2023-06-30,470.00,,70.50,47.00,12.00,8.00,SEED:SEED007,manual,2026-08-10T00:00:00+00:00
1.0,NSE_SYMBOL,SEED007,2024,Q2,2023-09-30,493.50,,74.02,49.35,12.50,8.30,SEED:SEED007,manual,2026-08-10T00:00:00+00:00
1.0,NSE_SYMBOL,SEED007,2024,Q3,2023-12-31,517.00,,77.55,51.70,13.00,8.60,SEED:SEED007,manual,2026-08-10T00:00:00+00:00
1.0,NSE_SYMBOL,SEED007,2024,Q4,2024-03-31,540.50,,81.08,54.05,13.50,8.90,SEED:SEED007,manual,2026-08-10T00:00:00+00:00
1.0,NSE_SYMBOL,SEED007,2025,Q1,2024-06-30,587.50,,88.12,58.75,14.00,8.00,SEED:SEED007,manual,2026-08-10T00:00:00+00:00
1.0,NSE_SYMBOL,SEED008,2024,Q1,2023-06-30,480.00,,72.00,48.00,12.00,8.00,SEED:SEED008,manual,2026-08-10T00:00:00+00:00
1.0,NSE_SYMBOL,SEED008,2024,Q2,2023-09-30,504.00,,75.60,50.40,12.50,8.30,SEED:SEED008,manual,2026-08-10T00:00:00+00:00
1.0,NSE_SYMBOL,SEED008,2024,Q3,2023-12-31,528.00,,79.20,52.80,13.00,8.60,SEED:SEED008,manual,2026-08-10T00:00:00+00:00
1.0,NSE_SYMBOL,SEED008,2024,Q4,2024-03-31,552.00,,82.80,55.20,13.50,8.90,SEED:SEED008,manual,2026-08-10T00:00:00+00:00
1.0,NSE_SYMBOL,SEED008,2025,Q1,2024-06-30,600.00,,90.00,60.00,14.00,8.00,SEED:SEED008,manual,2026-08-10T00:00:00+00:00
1.0,NSE_SYMBOL,SEED009,2024,Q1,2023-06-30,490.00,,73.50,49.00,12.00,8.00,SEED:SEED009,manual,2026-08-10T00:00:00+00:00
1.0,NSE_SYMBOL,SEED009,2024,Q2,2023-09-30,514.50,,77.17,51.45,12.50,8.30,SEED:SEED009,manual,2026-08-10T00:00:00+00:00
1.0,NSE_SYMBOL,SEED009,2024,Q3,2023-12-31,539.00,,80.85,53.90,13.00,8.60,SEED:SEED009,manual,2026-08-10T00:00:00+00:00
1.0,NSE_SYMBOL,SEED009,2024,Q4,2024-03-31,563.50,,84.52,56.35,13.50,8.90,SEED:SEED009,manual,2026-08-10T00:00:00+00:00
1.0,NSE_SYMBOL,SEED009,2025,Q1,2024-06-30,612.50,,91.88,61.25,14.00,8.00,SEED:SEED009,manual,2026-08-10T00:00:00+00:00
1.0,NSE_SYMBOL,SEED010,2024,Q1,2023-06-30,500.00,,75.00,50.00,12.00,8.00,SEED:SEED010,manual,2026-08-10T00:00:00+00:00
1.0,NSE_SYMBOL,SEED010,2024,Q2,2023-09-30,525.00,,78.75,52.50,12.50,8.30,SEED:SEED010,manual,2026-08-10T00:00:00+00:00
1.0,NSE_SYMBOL,SEED010,2024,Q3,2023-12-31,550.00,,82.50,55.00,13.00,8.60,SEED:SEED010,manual,2026-08-10T00:00:00+00:00
1.0,NSE_SYMBOL,SEED010,2024,Q4,2024-03-31,575.00,,86.25,57.50,13.50,8.90,SEED:SEED010,manual,2026-08-10T00:00:00+00:00
1.0,NSE_SYMBOL,SEED010,2025,Q1,2024-06-30,625.00,,93.75,62.50,14.00,8.00,SEED:SEED010,manual,2026-08-10T00:00:00+00:00
1.0,NSE_SYMBOL,SEED011,2024,Q1,2023-06-30,510.00,,76.50,51.00,12.00,8.00,SEED:SEED011,manual,2026-08-10T00:00:00+00:00
1.0,NSE_SYMBOL,SEED011,2024,Q2,2023-09-30,535.50,,80.33,53.55,12.50,8.30,SEED:SEED011,manual,2026-08-10T00:00:00+00:00
1.0,NSE_SYMBOL,SEED011,2024,Q3,2023-12-31,561.00,,84.15,56.10,13.00,8.60,SEED:SEED011,manual,2026-08-10T00:00:00+00:00
1.0,NSE_SYMBOL,SEED011,2024,Q4,2024-03-31,586.50,,87.97,58.65,13.50,8.90,SEED:SEED011,manual,2026-08-10T00:00:00+00:00
1.0,NSE_SYMBOL,SEED011,2025,Q1,2024-06-30,637.50,,95.62,63.75,14.00,8.00,SEED:SEED011,manual,2026-08-10T00:00:00+00:00
1.0,NSE_SYMBOL,SEED012,2024,Q1,2023-06-30,520.00,,78.00,52.00,12.00,8.00,SEED:SEED012,manual,2026-08-10T00:00:00+00:00
1.0,NSE_SYMBOL,SEED012,2024,Q2,2023-09-30,546.00,,81.90,54.60,12.50,8.30,SEED:SEED012,manual,2026-08-10T00:00:00+00:00
1.0,NSE_SYMBOL,SEED012,2024,Q3,2023-12-31,572.00,,85.80,57.20,13.00,8.60,SEED:SEED012,manual,2026-08-10T00:00:00+00:00
1.0,NSE_SYMBOL,SEED012,2024,Q4,2024-03-31,598.00,,89.70,59.80,13.50,8.90,SEED:SEED012,manual,2026-08-10T00:00:00+00:00
1.0,NSE_SYMBOL,SEED012,2025,Q1,2024-06-30,650.00,,97.50,65.00,14.00,8.00,SEED:SEED012,manual,2026-08-10T00:00:00+00:00
1.0,NSE_SYMBOL,SEED013,2024,Q1,2023-06-30,530.00,,79.50,53.00,12.00,8.00,SEED:SEED013,manual,2026-08-10T00:00:00+00:00
1.0,NSE_SYMBOL,SEED013,2024,Q2,2023-09-30,556.50,,83.47,55.65,12.50,8.30,SEED:SEED013,manual,2026-08-10T00:00:00+00:00
1.0,NSE_SYMBOL,SEED013,2024,Q3,2023-12-31,583.00,,87.45,58.30,13.00,8.60,SEED:SEED013,manual,2026-08-10T00:00:00+00:00
1.0,NSE_SYMBOL,SEED013,2024,Q4,2024-03-31,609.50,,91.42,60.95,13.50,8.90,SEED:SEED013,manual,2026-08-10T00:00:00+00:00
1.0,NSE_SYMBOL,SEED013,2025,Q1,2024-06-30,662.50,,99.38,66.25,14.00,8.00,SEED:SEED013,manual,2026-08-10T00:00:00+00:00
1.0,NSE_SYMBOL,SEED014,2024,Q1,2023-06-30,540.00,,81.00,54.00,12.00,8.00,SEED:SEED014,manual,2026-08-10T00:00:00+00:00
1.0,NSE_SYMBOL,SEED014,2024,Q2,2023-09-30,567.00,,85.05,56.70,12.50,8.30,SEED:SEED014,manual,2026-08-10T00:00:00+00:00
1.0,NSE_SYMBOL,SEED014,2024,Q3,2023-12-31,594.00,,89.10,59.40,13.00,8.60,SEED:SEED014,manual,2026-08-10T00:00:00+00:00
1.0,NSE_SYMBOL,SEED014,2024,Q4,2024-03-31,621.00,,93.15,62.10,13.50,8.90,SEED:SEED014,manual,2026-08-10T00:00:00+00:00
1.0,NSE_SYMBOL,SEED014,2025,Q1,2024-06-30,675.00,,101.25,67.50,14.00,8.00,SEED:SEED014,manual,2026-08-10T00:00:00+00:00
1.0,NSE_SYMBOL,SEED015,2024,Q1,2023-06-30,550.00,,82.50,55.00,12.00,8.00,SEED:SEED015,manual,2026-08-10T00:00:00+00:00
1.0,NSE_SYMBOL,SEED015,2024,Q2,2023-09-30,577.50,,86.62,57.75,12.50,8.30,SEED:SEED015,manual,2026-08-10T00:00:00+00:00
1.0,NSE_SYMBOL,SEED015,2024,Q3,2023-12-31,605.00,,90.75,60.50,13.00,8.60,SEED:SEED015,manual,2026-08-10T00:00:00+00:00
1.0,NSE_SYMBOL,SEED015,2024,Q4,2024-03-31,632.50,,94.88,63.25,13.50,8.90,SEED:SEED015,manual,2026-08-10T00:00:00+00:00
1.0,NSE_SYMBOL,SEED015,2025,Q1,2024-06-30,687.50,,103.12,68.75,14.00,8.00,SEED:SEED015,manual,2026-08-10T00:00:00+00:00
1.0,NSE_SYMBOL,SEED016,2024,Q1,2023-06-30,560.00,,84.00,56.00,12.00,8.00,SEED:SEED016,manual,2026-08-10T00:00:00+00:00
1.0,NSE_SYMBOL,SEED016,2024,Q2,2023-09-30,588.00,,88.20,58.80,12.50,8.30,SEED:SEED016,manual,2026-08-10T00:00:00+00:00
1.0,NSE_SYMBOL,SEED016,2024,Q3,2023-12-31,616.00,,92.40,61.60,13.00,8.60,SEED:SEED016,manual,2026-08-10T00:00:00+00:00
1.0,NSE_SYMBOL,SEED016,2024,Q4,2024-03-31,644.00,,96.60,64.40,13.50,8.90,SEED:SEED016,manual,2026-08-10T00:00:00+00:00
1.0,NSE_SYMBOL,SEED016,2025,Q1,2024-06-30,700.00,,105.00,70.00,14.00,8.00,SEED:SEED016,manual,2026-08-10T00:00:00+00:00
1.0,NSE_SYMBOL,SEED017,2024,Q1,2023-06-30,570.00,,85.50,57.00,12.00,8.00,SEED:SEED017,manual,2026-08-10T00:00:00+00:00
1.0,NSE_SYMBOL,SEED017,2024,Q2,2023-09-30,598.50,,89.77,59.85,12.50,8.30,SEED:SEED017,manual,2026-08-10T00:00:00+00:00
1.0,NSE_SYMBOL,SEED017,2024,Q3,2023-12-31,627.00,,94.05,62.70,13.00,8.60,SEED:SEED017,manual,2026-08-10T00:00:00+00:00
1.0,NSE_SYMBOL,SEED017,2024,Q4,2024-03-31,655.50,,98.33,65.55,13.50,8.90,SEED:SEED017,manual,2026-08-10T00:00:00+00:00
1.0,NSE_SYMBOL,SEED017,2025,Q1,2024-06-30,712.50,,106.88,71.25,14.00,8.00,SEED:SEED017,manual,2026-08-10T00:00:00+00:00
1.0,NSE_SYMBOL,SEED018,2024,Q1,2023-06-30,580.00,,87.00,58.00,12.00,8.00,SEED:SEED018,manual,2026-08-10T00:00:00+00:00
1.0,NSE_SYMBOL,SEED018,2024,Q2,2023-09-30,609.00,,91.35,60.90,12.50,8.30,SEED:SEED018,manual,2026-08-10T00:00:00+00:00
1.0,NSE_SYMBOL,SEED018,2024,Q3,2023-12-31,638.00,,95.70,63.80,13.00,8.60,SEED:SEED018,manual,2026-08-10T00:00:00+00:00
1.0,NSE_SYMBOL,SEED018,2024,Q4,2024-03-31,667.00,,100.05,66.70,13.50,8.90,SEED:SEED018,manual,2026-08-10T00:00:00+00:00
1.0,NSE_SYMBOL,SEED018,2025,Q1,2024-06-30,725.00,,108.75,72.50,14.00,8.00,SEED:SEED018,manual,2026-08-10T00:00:00+00:00
1.0,NSE_SYMBOL,SEED019,2024,Q1,2023-06-30,590.00,,88.50,59.00,12.00,8.00,SEED:SEED019,manual,2026-08-10T00:00:00+00:00
1.0,NSE_SYMBOL,SEED019,2024,Q2,2023-09-30,619.50,,92.92,61.95,12.50,8.30,SEED:SEED019,manual,2026-08-10T00:00:00+00:00
1.0,NSE_SYMBOL,SEED019,2024,Q3,2023-12-31,649.00,,97.35,64.90,13.00,8.60,SEED:SEED019,manual,2026-08-10T00:00:00+00:00
1.0,NSE_SYMBOL,SEED019,2024,Q4,2024-03-31,678.50,,101.77,67.85,13.50,8.90,SEED:SEED019,manual,2026-08-10T00:00:00+00:00
1.0,NSE_SYMBOL,SEED019,2025,Q1,2024-06-30,737.50,,110.62,73.75,14.00,8.00,SEED:SEED019,manual,2026-08-10T00:00:00+00:00
1.0,NSE_SYMBOL,SEED020,2024,Q1,2023-06-30,600.00,,90.00,60.00,12.00,8.00,SEED:SEED020,manual,2026-08-10T00:00:00+00:00
1.0,NSE_SYMBOL,SEED020,2024,Q2,2023-09-30,630.00,,94.50,63.00,12.50,8.30,SEED:SEED020,manual,2026-08-10T00:00:00+00:00
1.0,NSE_SYMBOL,SEED020,2024,Q3,2023-12-31,660.00,,99.00,66.00,13.00,8.60,SEED:SEED020,manual,2026-08-10T00:00:00+00:00
1.0,NSE_SYMBOL,SEED020,2024,Q4,2024-03-31,690.00,,103.50,69.00,13.50,8.90,SEED:SEED020,manual,2026-08-10T00:00:00+00:00
1.0,NSE_SYMBOL,SEED020,2025,Q1,2024-06-30,750.00,,112.50,75.00,14.00,8.00,SEED:SEED020,manual,2026-08-10T00:00:00+00:00
1.0,NSE_SYMBOL,SEED021,2024,Q1,2023-06-30,610.00,,91.50,61.00,12.00,8.00,SEED:SEED021,manual,2026-08-10T00:00:00+00:00
1.0,NSE_SYMBOL,SEED021,2024,Q2,2023-09-30,640.50,,96.08,64.05,12.50,8.30,SEED:SEED021,manual,2026-08-10T00:00:00+00:00
1.0,NSE_SYMBOL,SEED021,2024,Q3,2023-12-31,671.00,,100.65,67.10,13.00,8.60,SEED:SEED021,manual,2026-08-10T00:00:00+00:00
1.0,NSE_SYMBOL,SEED021,2024,Q4,2024-03-31,701.50,,105.22,70.15,13.50,8.90,SEED:SEED021,manual,2026-08-10T00:00:00+00:00
1.0,NSE_SYMBOL,SEED021,2025,Q1,2024-06-30,762.50,,114.38,76.25,14.00,8.00,SEED:SEED021,manual,2026-08-10T00:00:00+00:00
1.0,NSE_SYMBOL,SEED022,2024,Q1,2023-06-30,620.00,,93.00,62.00,12.00,8.00,SEED:SEED022,manual,2026-08-10T00:00:00+00:00
1.0,NSE_SYMBOL,SEED022,2024,Q2,2023-09-30,651.00,,97.65,65.10,12.50,8.30,SEED:SEED022,manual,2026-08-10T00:00:00+00:00
1.0,NSE_SYMBOL,SEED022,2024,Q3,2023-12-31,682.00,,102.30,68.20,13.00,8.60,SEED:SEED022,manual,2026-08-10T00:00:00+00:00
1.0,NSE_SYMBOL,SEED022,2024,Q4,2024-03-31,713.00,,106.95,71.30,13.50,8.90,SEED:SEED022,manual,2026-08-10T00:00:00+00:00
1.0,NSE_SYMBOL,SEED022,2025,Q1,2024-06-30,775.00,,116.25,77.50,14.00,8.00,SEED:SEED022,manual,2026-08-10T00:00:00+00:00
1.0,NSE_SYMBOL,SEED023,2024,Q1,2023-06-30,630.00,,94.50,63.00,12.00,8.00,SEED:SEED023,manual,2026-08-10T00:00:00+00:00
1.0,NSE_SYMBOL,SEED023,2024,Q2,2023-09-30,661.50,,99.22,66.15,12.50,8.30,SEED:SEED023,manual,2026-08-10T00:00:00+00:00
1.0,NSE_SYMBOL,SEED023,2024,Q3,2023-12-31,693.00,,103.95,69.30,13.00,8.60,SEED:SEED023,manual,2026-08-10T00:00:00+00:00
1.0,NSE_SYMBOL,SEED023,2024,Q4,2024-03-31,724.50,,108.67,72.45,13.50,8.90,SEED:SEED023,manual,2026-08-10T00:00:00+00:00
1.0,NSE_SYMBOL,SEED023,2025,Q1,2024-06-30,787.50,,118.12,78.75,14.00,8.00,SEED:SEED023,manual,2026-08-10T00:00:00+00:00
1.0,NSE_SYMBOL,SEED024,2024,Q1,2023-06-30,640.00,,96.00,64.00,12.00,8.00,SEED:SEED024,manual,2026-08-10T00:00:00+00:00
1.0,NSE_SYMBOL,SEED024,2024,Q2,2023-09-30,672.00,,100.80,67.20,12.50,8.30,SEED:SEED024,manual,2026-08-10T00:00:00+00:00
1.0,NSE_SYMBOL,SEED024,2024,Q3,2023-12-31,704.00,,105.60,70.40,13.00,8.60,SEED:SEED024,manual,2026-08-10T00:00:00+00:00
1.0,NSE_SYMBOL,SEED024,2024,Q4,2024-03-31,736.00,,110.40,73.60,13.50,8.90,SEED:SEED024,manual,2026-08-10T00:00:00+00:00
1.0,NSE_SYMBOL,SEED024,2025,Q1,2024-06-30,800.00,,120.00,80.00,14.00,8.00,SEED:SEED024,manual,2026-08-10T00:00:00+00:00
1.0,NSE_SYMBOL,SEED025,2024,Q1,2023-06-30,650.00,,97.50,65.00,12.00,8.00,SEED:SEED025,manual,2026-08-10T00:00:00+00:00
1.0,NSE_SYMBOL,SEED025,2024,Q2,2023-09-30,682.50,,102.38,68.25,12.50,8.30,SEED:SEED025,manual,2026-08-10T00:00:00+00:00
1.0,NSE_SYMBOL,SEED025,2024,Q3,2023-12-31,715.00,,107.25,71.50,13.00,8.60,SEED:SEED025,manual,2026-08-10T00:00:00+00:00
1.0,NSE_SYMBOL,SEED025,2024,Q4,2024-03-31,747.50,,112.12,74.75,13.50,8.90,SEED:SEED025,manual,2026-08-10T00:00:00+00:00
1.0,NSE_SYMBOL,SEED025,2025,Q1,2024-06-30,812.50,,121.88,81.25,14.00,8.00,SEED:SEED025,manual,2026-08-10T00:00:00+00:00
1.0,NSE_SYMBOL,SEED026,2024,Q1,2023-06-30,660.00,,99.00,66.00,12.00,8.00,SEED:SEED026,manual,2026-08-10T00:00:00+00:00
1.0,NSE_SYMBOL,SEED026,2024,Q2,2023-09-30,693.00,,103.95,69.30,12.50,8.30,SEED:SEED026,manual,2026-08-10T00:00:00+00:00
1.0,NSE_SYMBOL,SEED026,2024,Q3,2023-12-31,726.00,,108.90,72.60,13.00,8.60,SEED:SEED026,manual,2026-08-10T00:00:00+00:00
1.0,NSE_SYMBOL,SEED026,2024,Q4,2024-03-31,759.00,,113.85,75.90,13.50,8.90,SEED:SEED026,manual,2026-08-10T00:00:00+00:00
1.0,NSE_SYMBOL,SEED026,2025,Q1,2024-06-30,825.00,,123.75,82.50,14.00,8.00,SEED:SEED026,manual,2026-08-10T00:00:00+00:00
1.0,NSE_SYMBOL,SEED027,2024,Q1,2023-06-30,670.00,,100.50,67.00,12.00,8.00,SEED:SEED027,manual,2026-08-10T00:00:00+00:00
1.0,NSE_SYMBOL,SEED027,2024,Q2,2023-09-30,703.50,,105.52,70.35,12.50,8.30,SEED:SEED027,manual,2026-08-10T00:00:00+00:00
1.0,NSE_SYMBOL,SEED027,2024,Q3,2023-12-31,737.00,,110.55,73.70,13.00,8.60,SEED:SEED027,manual,2026-08-10T00:00:00+00:00
1.0,NSE_SYMBOL,SEED027,2024,Q4,2024-03-31,770.50,,115.57,77.05,13.50,8.90,SEED:SEED027,manual,2026-08-10T00:00:00+00:00
1.0,NSE_SYMBOL,SEED027,2025,Q1,2024-06-30,837.50,,125.62,83.75,14.00,8.00,SEED:SEED027,manual,2026-08-10T00:00:00+00:00
1.0,NSE_SYMBOL,SEED028,2024,Q1,2023-06-30,680.00,,102.00,68.00,12.00,8.00,SEED:SEED028,manual,2026-08-10T00:00:00+00:00
1.0,NSE_SYMBOL,SEED028,2024,Q2,2023-09-30,714.00,,107.10,71.40,12.50,8.30,SEED:SEED028,manual,2026-08-10T00:00:00+00:00
1.0,NSE_SYMBOL,SEED028,2024,Q3,2023-12-31,748.00,,112.20,74.80,13.00,8.60,SEED:SEED028,manual,2026-08-10T00:00:00+00:00
1.0,NSE_SYMBOL,SEED028,2024,Q4,2024-03-31,782.00,,117.30,78.20,13.50,8.90,SEED:SEED028,manual,2026-08-10T00:00:00+00:00
1.0,NSE_SYMBOL,SEED028,2025,Q1,2024-06-30,850.00,,127.50,85.00,14.00,8.00,SEED:SEED028,manual,2026-08-10T00:00:00+00:00
1.0,NSE_SYMBOL,SEED029,2024,Q1,2023-06-30,690.00,,103.50,69.00,12.00,8.00,SEED:SEED029,manual,2026-08-10T00:00:00+00:00
1.0,NSE_SYMBOL,SEED029,2024,Q2,2023-09-30,724.50,,108.67,72.45,12.50,8.30,SEED:SEED029,manual,2026-08-10T00:00:00+00:00
1.0,NSE_SYMBOL,SEED029,2024,Q3,2023-12-31,759.00,,113.85,75.90,13.00,8.60,SEED:SEED029,manual,2026-08-10T00:00:00+00:00
1.0,NSE_SYMBOL,SEED029,2024,Q4,2024-03-31,793.50,,119.02,79.35,13.50,8.90,SEED:SEED029,manual,2026-08-10T00:00:00+00:00
1.0,NSE_SYMBOL,SEED029,2025,Q1,2024-06-30,862.50,,129.38,86.25,14.00,8.00,SEED:SEED029,manual,2026-08-10T00:00:00+00:00
1.0,NSE_SYMBOL,SEED030,2024,Q1,2023-06-30,700.00,,105.00,70.00,12.00,8.00,SEED:SEED030,manual,2026-08-10T00:00:00+00:00
1.0,NSE_SYMBOL,SEED030,2024,Q2,2023-09-30,735.00,,110.25,73.50,12.50,8.30,SEED:SEED030,manual,2026-08-10T00:00:00+00:00
1.0,NSE_SYMBOL,SEED030,2024,Q3,2023-12-31,770.00,,115.50,77.00,13.00,8.60,SEED:SEED030,manual,2026-08-10T00:00:00+00:00
1.0,NSE_SYMBOL,SEED030,2024,Q4,2024-03-31,805.00,,120.75,80.50,13.50,8.90,SEED:SEED030,manual,2026-08-10T00:00:00+00:00
1.0,NSE_SYMBOL,SEED030,2025,Q1,2024-06-30,875.00,,131.25,87.50,14.00,8.00,SEED:SEED030,manual,2026-08-10T00:00:00+00:00
1.0,NSE_SYMBOL,SEED031,2024,Q1,2023-06-30,710.00,,106.50,71.00,12.00,8.00,SEED:SEED031,manual,2026-08-10T00:00:00+00:00
1.0,NSE_SYMBOL,SEED031,2024,Q2,2023-09-30,745.50,,111.83,74.55,12.50,8.30,SEED:SEED031,manual,2026-08-10T00:00:00+00:00
1.0,NSE_SYMBOL,SEED031,2024,Q3,2023-12-31,781.00,,117.15,78.10,13.00,8.60,SEED:SEED031,manual,2026-08-10T00:00:00+00:00
1.0,NSE_SYMBOL,SEED031,2024,Q4,2024-03-31,816.50,,122.47,81.65,13.50,8.90,SEED:SEED031,manual,2026-08-10T00:00:00+00:00
1.0,NSE_SYMBOL,SEED031,2025,Q1,2024-06-30,887.50,,133.12,88.75,14.00,8.00,SEED:SEED031,manual,2026-08-10T00:00:00+00:00
1.0,NSE_SYMBOL,SEED032,2024,Q1,2023-06-30,720.00,,108.00,72.00,12.00,8.00,SEED:SEED032,manual,2026-08-10T00:00:00+00:00
1.0,NSE_SYMBOL,SEED032,2024,Q2,2023-09-30,756.00,,113.40,75.60,12.50,8.30,SEED:SEED032,manual,2026-08-10T00:00:00+00:00
1.0,NSE_SYMBOL,SEED032,2024,Q3,2023-12-31,792.00,,118.80,79.20,13.00,8.60,SEED:SEED032,manual,2026-08-10T00:00:00+00:00
1.0,NSE_SYMBOL,SEED032,2024,Q4,2024-03-31,828.00,,124.20,82.80,13.50,8.90,SEED:SEED032,manual,2026-08-10T00:00:00+00:00
1.0,NSE_SYMBOL,SEED032,2025,Q1,2024-06-30,900.00,,135.00,90.00,14.00,8.00,SEED:SEED032,manual,2026-08-10T00:00:00+00:00
1.0,NSE_SYMBOL,SEED033,2024,Q1,2023-06-30,730.00,,109.50,73.00,12.00,8.00,SEED:SEED033,manual,2026-08-10T00:00:00+00:00
1.0,NSE_SYMBOL,SEED033,2024,Q2,2023-09-30,766.50,,114.97,76.65,12.50,8.30,SEED:SEED033,manual,2026-08-10T00:00:00+00:00
1.0,NSE_SYMBOL,SEED033,2024,Q3,2023-12-31,803.00,,120.45,80.30,13.00,8.60,SEED:SEED033,manual,2026-08-10T00:00:00+00:00
1.0,NSE_SYMBOL,SEED033,2024,Q4,2024-03-31,839.50,,125.92,83.95,13.50,8.90,SEED:SEED033,manual,2026-08-10T00:00:00+00:00
1.0,NSE_SYMBOL,SEED033,2025,Q1,2024-06-30,912.50,,136.88,91.25,14.00,8.00,SEED:SEED033,manual,2026-08-10T00:00:00+00:00
1.0,NSE_SYMBOL,SEED034,2024,Q1,2023-06-30,740.00,,111.00,74.00,12.00,8.00,SEED:SEED034,manual,2026-08-10T00:00:00+00:00
1.0,NSE_SYMBOL,SEED034,2024,Q2,2023-09-30,777.00,,116.55,77.70,12.50,8.30,SEED:SEED034,manual,2026-08-10T00:00:00+00:00
1.0,NSE_SYMBOL,SEED034,2024,Q3,2023-12-31,814.00,,122.10,81.40,13.00,8.60,SEED:SEED034,manual,2026-08-10T00:00:00+00:00
1.0,NSE_SYMBOL,SEED034,2024,Q4,2024-03-31,851.00,,127.65,85.10,13.50,8.90,SEED:SEED034,manual,2026-08-10T00:00:00+00:00
1.0,NSE_SYMBOL,SEED034,2025,Q1,2024-06-30,925.00,,138.75,92.50,14.00,8.00,SEED:SEED034,manual,2026-08-10T00:00:00+00:00
1.0,NSE_SYMBOL,SEED035,2024,Q1,2023-06-30,750.00,,112.50,75.00,12.00,8.00,SEED:SEED035,manual,2026-08-10T00:00:00+00:00
1.0,NSE_SYMBOL,SEED035,2024,Q2,2023-09-30,787.50,,118.12,78.75,12.50,8.30,SEED:SEED035,manual,2026-08-10T00:00:00+00:00
1.0,NSE_SYMBOL,SEED035,2024,Q3,2023-12-31,825.00,,123.75,82.50,13.00,8.60,SEED:SEED035,manual,2026-08-10T00:00:00+00:00
1.0,NSE_SYMBOL,SEED035,2024,Q4,2024-03-31,862.50,,129.37,86.25,13.50,8.90,SEED:SEED035,manual,2026-08-10T00:00:00+00:00
1.0,NSE_SYMBOL,SEED035,2025,Q1,2024-06-30,937.50,,140.62,93.75,14.00,8.00,SEED:SEED035,manual,2026-08-10T00:00:00+00:00
1.0,NSE_SYMBOL,SEED036,2024,Q1,2023-06-30,760.00,,114.00,76.00,12.00,8.00,SEED:SEED036,manual,2026-08-10T00:00:00+00:00
1.0,NSE_SYMBOL,SEED036,2024,Q2,2023-09-30,798.00,,119.70,79.80,12.50,8.30,SEED:SEED036,manual,2026-08-10T00:00:00+00:00
1.0,NSE_SYMBOL,SEED036,2024,Q3,2023-12-31,836.00,,125.40,83.60,13.00,8.60,SEED:SEED036,manual,2026-08-10T00:00:00+00:00
1.0,NSE_SYMBOL,SEED036,2024,Q4,2024-03-31,874.00,,131.10,87.40,13.50,8.90,SEED:SEED036,manual,2026-08-10T00:00:00+00:00
1.0,NSE_SYMBOL,SEED036,2025,Q1,2024-06-30,950.00,,142.50,95.00,14.00,8.00,SEED:SEED036,manual,2026-08-10T00:00:00+00:00
1.0,NSE_SYMBOL,SEED037,2024,Q1,2023-06-30,770.00,,115.50,77.00,12.00,8.00,SEED:SEED037,manual,2026-08-10T00:00:00+00:00
1.0,NSE_SYMBOL,SEED037,2024,Q2,2023-09-30,808.50,,121.27,80.85,12.50,8.30,SEED:SEED037,manual,2026-08-10T00:00:00+00:00
1.0,NSE_SYMBOL,SEED037,2024,Q3,2023-12-31,847.00,,127.05,84.70,13.00,8.60,SEED:SEED037,manual,2026-08-10T00:00:00+00:00
1.0,NSE_SYMBOL,SEED037,2024,Q4,2024-03-31,885.50,,132.82,88.55,13.50,8.90,SEED:SEED037,manual,2026-08-10T00:00:00+00:00
1.0,NSE_SYMBOL,SEED037,2025,Q1,2024-06-30,962.50,,144.38,96.25,14.00,8.00,SEED:SEED037,manual,2026-08-10T00:00:00+00:00
1.0,NSE_SYMBOL,SEED038,2024,Q1,2023-06-30,780.00,,117.00,78.00,12.00,8.00,SEED:SEED038,manual,2026-08-10T00:00:00+00:00
1.0,NSE_SYMBOL,SEED038,2024,Q2,2023-09-30,819.00,,122.85,81.90,12.50,8.30,SEED:SEED038,manual,2026-08-10T00:00:00+00:00
1.0,NSE_SYMBOL,SEED038,2024,Q3,2023-12-31,858.00,,128.70,85.80,13.00,8.60,SEED:SEED038,manual,2026-08-10T00:00:00+00:00
1.0,NSE_SYMBOL,SEED038,2024,Q4,2024-03-31,897.00,,134.55,89.70,13.50,8.90,SEED:SEED038,manual,2026-08-10T00:00:00+00:00
1.0,NSE_SYMBOL,SEED038,2025,Q1,2024-06-30,975.00,,146.25,97.50,14.00,8.00,SEED:SEED038,manual,2026-08-10T00:00:00+00:00
1.0,NSE_SYMBOL,SEED039,2024,Q1,2023-06-30,790.00,,118.50,79.00,12.00,8.00,SEED:SEED039,manual,2026-08-10T00:00:00+00:00
1.0,NSE_SYMBOL,SEED039,2024,Q2,2023-09-30,829.50,,124.42,82.95,12.50,8.30,SEED:SEED039,manual,2026-08-10T00:00:00+00:00
1.0,NSE_SYMBOL,SEED039,2024,Q3,2023-12-31,869.00,,130.35,86.90,13.00,8.60,SEED:SEED039,manual,2026-08-10T00:00:00+00:00
1.0,NSE_SYMBOL,SEED039,2024,Q4,2024-03-31,908.50,,136.27,90.85,13.50,8.90,SEED:SEED039,manual,2026-08-10T00:00:00+00:00
1.0,NSE_SYMBOL,SEED039,2025,Q1,2024-06-30,987.50,,148.12,98.75,14.00,8.00,SEED:SEED039,manual,2026-08-10T00:00:00+00:00
1.0,NSE_SYMBOL,SEED040,2024,Q1,2023-06-30,800.00,,120.00,80.00,12.00,8.00,SEED:SEED040,manual,2026-08-10T00:00:00+00:00
1.0,NSE_SYMBOL,SEED040,2024,Q2,2023-09-30,840.00,,126.00,84.00,12.50,8.30,SEED:SEED040,manual,2026-08-10T00:00:00+00:00
1.0,NSE_SYMBOL,SEED040,2024,Q3,2023-12-31,880.00,,132.00,88.00,13.00,8.60,SEED:SEED040,manual,2026-08-10T00:00:00+00:00
1.0,NSE_SYMBOL,SEED040,2024,Q4,2024-03-31,920.00,,138.00,92.00,13.50,8.90,SEED:SEED040,manual,2026-08-10T00:00:00+00:00
1.0,NSE_SYMBOL,SEED040,2025,Q1,2024-06-30,1000.00,,150.00,100.00,14.00,8.00,SEED:SEED040,manual,2026-08-10T00:00:00+00:00
1.0,NSE_SYMBOL,SEED041,2024,Q1,2023-06-30,810.00,,121.50,81.00,12.00,8.00,SEED:SEED041,manual,2026-08-10T00:00:00+00:00
1.0,NSE_SYMBOL,SEED041,2024,Q2,2023-09-30,850.50,,127.57,85.05,12.50,8.30,SEED:SEED041,manual,2026-08-10T00:00:00+00:00
1.0,NSE_SYMBOL,SEED041,2024,Q3,2023-12-31,891.00,,133.65,89.10,13.00,8.60,SEED:SEED041,manual,2026-08-10T00:00:00+00:00
1.0,NSE_SYMBOL,SEED041,2024,Q4,2024-03-31,931.50,,139.72,93.15,13.50,8.90,SEED:SEED041,manual,2026-08-10T00:00:00+00:00
1.0,NSE_SYMBOL,SEED041,2025,Q1,2024-06-30,1012.50,,151.88,101.25,14.00,8.00,SEED:SEED041,manual,2026-08-10T00:00:00+00:00
1.0,NSE_SYMBOL,SEED042,2024,Q1,2023-06-30,820.00,,123.00,82.00,12.00,8.00,SEED:SEED042,manual,2026-08-10T00:00:00+00:00
1.0,NSE_SYMBOL,SEED042,2024,Q2,2023-09-30,861.00,,129.15,86.10,12.50,8.30,SEED:SEED042,manual,2026-08-10T00:00:00+00:00
1.0,NSE_SYMBOL,SEED042,2024,Q3,2023-12-31,902.00,,135.30,90.20,13.00,8.60,SEED:SEED042,manual,2026-08-10T00:00:00+00:00
1.0,NSE_SYMBOL,SEED042,2024,Q4,2024-03-31,943.00,,141.45,94.30,13.50,8.90,SEED:SEED042,manual,2026-08-10T00:00:00+00:00
1.0,NSE_SYMBOL,SEED042,2025,Q1,2024-06-30,1025.00,,153.75,102.50,14.00,8.00,SEED:SEED042,manual,2026-08-10T00:00:00+00:00
1.0,NSE_SYMBOL,SEED043,2024,Q1,2023-06-30,830.00,,124.50,83.00,12.00,8.00,SEED:SEED043,manual,2026-08-10T00:00:00+00:00
1.0,NSE_SYMBOL,SEED043,2024,Q2,2023-09-30,871.50,,130.72,87.15,12.50,8.30,SEED:SEED043,manual,2026-08-10T00:00:00+00:00
1.0,NSE_SYMBOL,SEED043,2024,Q3,2023-12-31,913.00,,136.95,91.30,13.00,8.60,SEED:SEED043,manual,2026-08-10T00:00:00+00:00
1.0,NSE_SYMBOL,SEED043,2024,Q4,2024-03-31,954.50,,143.17,95.45,13.50,8.90,SEED:SEED043,manual,2026-08-10T00:00:00+00:00
1.0,NSE_SYMBOL,SEED043,2025,Q1,2024-06-30,1037.50,,155.62,103.75,14.00,8.00,SEED:SEED043,manual,2026-08-10T00:00:00+00:00
1.0,NSE_SYMBOL,SEED044,2024,Q1,2023-06-30,840.00,,126.00,84.00,12.00,8.00,SEED:SEED044,manual,2026-08-10T00:00:00+00:00
1.0,NSE_SYMBOL,SEED044,2024,Q2,2023-09-30,882.00,,132.30,88.20,12.50,8.30,SEED:SEED044,manual,2026-08-10T00:00:00+00:00
1.0,NSE_SYMBOL,SEED044,2024,Q3,2023-12-31,924.00,,138.60,92.40,13.00,8.60,SEED:SEED044,manual,2026-08-10T00:00:00+00:00
1.0,NSE_SYMBOL,SEED044,2024,Q4,2024-03-31,966.00,,144.90,96.60,13.50,8.90,SEED:SEED044,manual,2026-08-10T00:00:00+00:00
1.0,NSE_SYMBOL,SEED044,2025,Q1,2024-06-30,1050.00,,157.50,105.00,14.00,8.00,SEED:SEED044,manual,2026-08-10T00:00:00+00:00
1.0,NSE_SYMBOL,SEED045,2024,Q1,2023-06-30,850.00,,127.50,85.00,12.00,8.00,SEED:SEED045,manual,2026-08-10T00:00:00+00:00
1.0,NSE_SYMBOL,SEED045,2024,Q2,2023-09-30,892.50,,133.88,89.25,12.50,8.30,SEED:SEED045,manual,2026-08-10T00:00:00+00:00
1.0,NSE_SYMBOL,SEED045,2024,Q3,2023-12-31,935.00,,140.25,93.50,13.00,8.60,SEED:SEED045,manual,2026-08-10T00:00:00+00:00
1.0,NSE_SYMBOL,SEED045,2024,Q4,2024-03-31,977.50,,146.62,97.75,13.50,8.90,SEED:SEED045,manual,2026-08-10T00:00:00+00:00
1.0,NSE_SYMBOL,SEED045,2025,Q1,2024-06-30,1062.50,,159.38,106.25,14.00,8.00,SEED:SEED045,manual,2026-08-10T00:00:00+00:00
1.0,NSE_SYMBOL,SEED046,2024,Q1,2023-06-30,860.00,,129.00,86.00,12.00,8.00,SEED:SEED046,manual,2026-08-10T00:00:00+00:00
1.0,NSE_SYMBOL,SEED046,2024,Q2,2023-09-30,903.00,,135.45,90.30,12.50,8.30,SEED:SEED046,manual,2026-08-10T00:00:00+00:00
1.0,NSE_SYMBOL,SEED046,2024,Q3,2023-12-31,946.00,,141.90,94.60,13.00,8.60,SEED:SEED046,manual,2026-08-10T00:00:00+00:00
1.0,NSE_SYMBOL,SEED046,2024,Q4,2024-03-31,989.00,,148.35,98.90,13.50,8.90,SEED:SEED046,manual,2026-08-10T00:00:00+00:00
1.0,NSE_SYMBOL,SEED046,2025,Q1,2024-06-30,1075.00,,161.25,107.50,14.00,8.00,SEED:SEED046,manual,2026-08-10T00:00:00+00:00
1.0,NSE_SYMBOL,SEED047,2024,Q1,2023-06-30,870.00,,130.50,87.00,12.00,8.00,SEED:SEED047,manual,2026-08-10T00:00:00+00:00
1.0,NSE_SYMBOL,SEED047,2024,Q2,2023-09-30,913.50,,137.03,91.35,12.50,8.30,SEED:SEED047,manual,2026-08-10T00:00:00+00:00
1.0,NSE_SYMBOL,SEED047,2024,Q3,2023-12-31,957.00,,143.55,95.70,13.00,8.60,SEED:SEED047,manual,2026-08-10T00:00:00+00:00
1.0,NSE_SYMBOL,SEED047,2024,Q4,2024-03-31,1000.50,,150.07,100.05,13.50,8.90,SEED:SEED047,manual,2026-08-10T00:00:00+00:00
1.0,NSE_SYMBOL,SEED047,2025,Q1,2024-06-30,1087.50,,163.12,108.75,14.00,8.00,SEED:SEED047,manual,2026-08-10T00:00:00+00:00
1.0,NSE_SYMBOL,SEED048,2024,Q1,2023-06-30,880.00,,132.00,88.00,12.00,8.00,SEED:SEED048,manual,2026-08-10T00:00:00+00:00
1.0,NSE_SYMBOL,SEED048,2024,Q2,2023-09-30,924.00,,138.60,92.40,12.50,8.30,SEED:SEED048,manual,2026-08-10T00:00:00+00:00
1.0,NSE_SYMBOL,SEED048,2024,Q3,2023-12-31,968.00,,145.20,96.80,13.00,8.60,SEED:SEED048,manual,2026-08-10T00:00:00+00:00
1.0,NSE_SYMBOL,SEED048,2024,Q4,2024-03-31,1012.00,,151.80,101.20,13.50,8.90,SEED:SEED048,manual,2026-08-10T00:00:00+00:00
1.0,NSE_SYMBOL,SEED048,2025,Q1,2024-06-30,1100.00,,165.00,110.00,14.00,8.00,SEED:SEED048,manual,2026-08-10T00:00:00+00:00
1.0,NSE_SYMBOL,SEED049,2024,Q1,2023-06-30,890.00,,133.50,89.00,12.00,8.00,SEED:SEED049,manual,2026-08-10T00:00:00+00:00
1.0,NSE_SYMBOL,SEED049,2024,Q2,2023-09-30,934.50,,140.17,93.45,12.50,8.30,SEED:SEED049,manual,2026-08-10T00:00:00+00:00
1.0,NSE_SYMBOL,SEED049,2024,Q3,2023-12-31,979.00,,146.85,97.90,13.00,8.60,SEED:SEED049,manual,2026-08-10T00:00:00+00:00
1.0,NSE_SYMBOL,SEED049,2024,Q4,2024-03-31,1023.50,,153.52,102.35,13.50,8.90,SEED:SEED049,manual,2026-08-10T00:00:00+00:00
1.0,NSE_SYMBOL,SEED049,2025,Q1,2024-06-30,1112.50,,166.88,111.25,14.00,8.00,SEED:SEED049,manual,2026-08-10T00:00:00+00:00
1.0,NSE_SYMBOL,SEED050,2024,Q1,2023-06-30,900.00,,135.00,90.00,12.00,8.00,SEED:SEED050,manual,2026-08-10T00:00:00+00:00
1.0,NSE_SYMBOL,SEED050,2024,Q2,2023-09-30,945.00,,141.75,94.50,12.50,8.30,SEED:SEED050,manual,2026-08-10T00:00:00+00:00
1.0,NSE_SYMBOL,SEED050,2024,Q3,2023-12-31,990.00,,148.50,99.00,13.00,8.60,SEED:SEED050,manual,2026-08-10T00:00:00+00:00
1.0,NSE_SYMBOL,SEED050,2024,Q4,2024-03-31,1035.00,,155.25,103.50,13.50,8.90,SEED:SEED050,manual,2026-08-10T00:00:00+00:00
1.0,NSE_SYMBOL,SEED050,2025,Q1,2024-06-30,1125.00,,168.75,112.50,14.00,8.00,SEED:SEED050,manual,2026-08-10T00:00:00+00:00
1.0,NSE_SYMBOL,SEED051,2024,Q1,2023-06-30,910.00,,136.50,91.00,12.00,8.00,SEED:SEED051,manual,2026-08-10T00:00:00+00:00
1.0,NSE_SYMBOL,SEED051,2024,Q2,2023-09-30,955.50,,143.32,95.55,12.50,8.30,SEED:SEED051,manual,2026-08-10T00:00:00+00:00
1.0,NSE_SYMBOL,SEED051,2024,Q3,2023-12-31,1001.00,,150.15,100.10,13.00,8.60,SEED:SEED051,manual,2026-08-10T00:00:00+00:00
1.0,NSE_SYMBOL,SEED051,2024,Q4,2024-03-31,1046.50,,156.97,104.65,13.50,8.90,SEED:SEED051,manual,2026-08-10T00:00:00+00:00
1.0,NSE_SYMBOL,SEED051,2025,Q1,2024-06-30,1137.50,,170.62,113.75,14.00,8.00,SEED:SEED051,manual,2026-08-10T00:00:00+00:00
1.0,NSE_SYMBOL,SEED052,2024,Q1,2023-06-30,920.00,,138.00,92.00,12.00,8.00,SEED:SEED052,manual,2026-08-10T00:00:00+00:00
1.0,NSE_SYMBOL,SEED052,2024,Q2,2023-09-30,966.00,,144.90,96.60,12.50,8.30,SEED:SEED052,manual,2026-08-10T00:00:00+00:00
1.0,NSE_SYMBOL,SEED052,2024,Q3,2023-12-31,1012.00,,151.80,101.20,13.00,8.60,SEED:SEED052,manual,2026-08-10T00:00:00+00:00
1.0,NSE_SYMBOL,SEED052,2024,Q4,2024-03-31,1058.00,,158.70,105.80,13.50,8.90,SEED:SEED052,manual,2026-08-10T00:00:00+00:00
1.0,NSE_SYMBOL,SEED052,2025,Q1,2024-06-30,1150.00,,172.50,115.00,14.00,8.00,SEED:SEED052,manual,2026-08-10T00:00:00+00:00
