predecessor_security_id,predecessor_symbol,predecessor_name,successor_security_id,successor_symbol,successor_name,effective_date,event_type,conversion_ratio_numerator,conversion_ratio_denominator,cash_component,source,source_url,notes,verification_status
SEC001,AMARAJABAT,Amara Raja Batteries Limited,SEC001,ARE&M,Amara Raja Energy & Mobility Limited,,NAME_SYMBOL_CHANGE,1,1,0,SECURITY_MASTER_V2_BSE_FILLED.xlsx,,Same listed security and ISIN; effective date pending verification.,SECURITY_MASTER_CONFIRMED_DATE_PENDING
SEC009,NIITTECH,NIIT Technologies Limited,SEC009,COFORGE,Coforge Limited,,NAME_SYMBOL_CHANGE,1,1,0,SECURITY_MASTER_V2_BSE_FILLED.xlsx,,Same listed security and ISIN; effective date pending verification.,SECURITY_MASTER_CONFIRMED_DATE_PENDING
SEC024,STRIDES,Strides Arcolab Limited,SEC024,STAR,Strides Pharma Science Limited,,NAME_SYMBOL_CHANGE,1,1,0,SECURITY_MASTER_V2_BSE_FILLED.xlsx,,Same listed security continuity; effective date pending verification.,SECURITY_MASTER_CONFIRMED_DATE_PENDING
SEC034,MAGMA,Magma Fincorp Limited,SEC034,POONAWALLA,Poonawalla Fincorp Limited,,NAME_SYMBOL_CHANGE,1,1,0,SECURITY_MASTER_V2_BSE_FILLED.xlsx,,Same listed security and ISIN; effective date pending verification.,SECURITY_MASTER_CONFIRMED_DATE_PENDING
SEC038,TATAGLOBAL,Tata Global Beverages Limited,SEC038,TATACONSUM,Tata Consumer Products Limited,,NAME_SYMBOL_CHANGE,1,1,0,SECURITY_MASTER_V2_BSE_FILLED.xlsx,,Same listed security and ISIN; effective date pending verification.,SECURITY_MASTER_CONFIRMED_DATE_PENDING
SEC057,TWL,Titagarh Wagons Limited,SEC057,TITAGARH,Titagarh Rail Systems Limited,,NAME_SYMBOL_CHANGE,1,1,0,SECURITY_MASTER_V2_BSE_FILLED.xlsx,,Same listed security and ISIN; effective date pending verification.,SECURITY_MASTER_CONFIRMED_DATE_PENDING
SEC032,LLOYDELENG,Lloyd Electric & Engineering Limited,SEC032,LEEL,LEEL Electricals Limited,2017-05-23,NAME_SYMBOL_CHANGE,1,1,0,Company disclosure / company website,https://www.leelelectric.com/,Same legal entity renamed; portfolio spelling 'Llyod Electric' maps to Lloyd Electric.,CONFIRMED
SEC008,GEOMETRIC,Geometric Limited,EXT_HCLTECH,HCLTECH,HCL Technologies Limited,2017-03-02,DEMERGER_MERGER,,,,HCLTech Scheme of Arrangement,https://www.hcltech.com/investor-relations/scheme-of-arrangement,Not a simple one-to-one rename. Scheme entitlement ratio and residual 3DPLM economic interest require confirmation before automated valuation.,CONFIRMED_EVENT_RATIO_PENDING
SEC058,PEL,Piramal Enterprises Limited,SEC060,PPLPHARMA,Piramal Pharma Limited,,DEMERGER,,,0,Piramal issuer shareholder information,https://www.piramalenterprises.com/shareholder-information,Issuer confirms the demerger documents and record-date materials. Entitlement ratio and exact effective date remain blank until verified from the scheme.,CONFIRMED_EVENT_RATIO_DATE_PENDING
