as_of_date,portfolio_nav,bse_smallcap,bse_midcap,sensex,monthly_return,source
2012-01-01,1135311,6463.3,5871.7,17193.55,0.135311,Values.xlsx
2012-02-01,1183984,6859.97,6386.82,17752.68,0.042871953147639724,Values.xlsx
2012-03-01,1264319,6629.38,6346.38,17404.2,0.0678514236678874,Values.xlsx
2012-04-01,1290927,6764.62,6315.85,17318.81,0.02104532163164518,Values.xlsx
2012-05-01,1320150,6271,5907.95,16218.53,0.022637221159678277,Values.xlsx
2012-06-01,1368722,6543.75,6153.72,17429.98,0.03679278869825399,Values.xlsx
2012-07-01,1427997,6447.89,6012.28,17236.18,0.043306821984303606,Values.xlsx
2012-08-01,1586765,6385.72,5998.84,17380.75,0.11118230640540562,Values.xlsx
2012-09-01,1702438.5,7017.89,6607.29,17429.56,0.07289894848953689,Values.xlsx
2012-10-01,1737208,6989.17,6565.99,18505.38,0.020423351563066742,Values.xlsx
2012-11-01,1862032.5,7275.65,6901.99,19339.9,0.07185351437478989,Values.xlsx
2012-12-01,1847556,7379.94,7112.89,19426.71,-0.0077745689186413235,Values.xlsx
2013-01-01,1848035,7074.07,6970.88,19894.98,0.00025926142428159146,Values.xlsx
2013-02-01,1725436,6206.22,6302.78,18861.54,-0.06634019377338633,Values.xlsx
2013-03-01,1717574,5804.65,6142.06,18835.77,-0.0045565294800850335,Values.xlsx
2013-04-01,1744702,6021.16,6344.04,19504.18,0.015794370431783434,Values.xlsx
2013-05-01,1808313,5943.46,6389.47,19760.3,0.03645952145409359,Values.xlsx
2013-06-01,1756748,5643.52,5964.5,19395.81,-0.028515528008702034,Values.xlsx
2013-07-01,1598036,5311.06,5543.13,19345.7,-0.0903442041772639,Values.xlsx
2013-08-01,1688637,5191.25,5300.4,18619.72,0.05669521838056214,Values.xlsx
2013-09-01,1761154,5466.24,5605.98,19379.77,0.04294410225525083,Values.xlsx
2013-10-01,1880624,5896.11,6107.35,21164.52,0.06783620285335638,Values.xlsx
2013-11-01,2021363,6099.52,6325.58,20791.93,0.07483633091994997,Values.xlsx
2013-12-01,2235154.75,6551.13,6705.56,21170.68,0.10576613403925965,Values.xlsx
2014-01-01,2252159.4,6263.35,6308.05,20513.85,0.007607817758479545,Values.xlsx
2014-02-01,2444532,6445.04,6500.42,21120.12,0.08541695583358802,Values.xlsx
2014-03-01,2603818.92,7071.96,7082.86,22386.27,0.06516049697856274,Values.xlsx
2014-04-01,2857660.3,7489.87,7323.46,22417.8,0.09748810796720069,Values.xlsx
2014-05-01,3007181,9015.73,8467.22,24217.34,0.05232276908490495,Values.xlsx
2014-06-01,3434852.45,10203.19,9378.95,25413.78,0.1422167305526339,Values.xlsx
2014-07-01,3743075.8,9989.42,9188.19,25894.97,0.08973408741327436,Values.xlsx
2014-08-01,4137453.35,10264.45,9298.9,26638.11,0.1053618924842506,Values.xlsx
2014-09-01,4706822.95,10681.46,9530.35,26630.51,0.13761353949767194,Values.xlsx
2014-10-01,4778894.5,10930.95,9834.6,27865.83,0.01531214383154136,Values.xlsx
2014-11-01,4967616.92,11270.79,10270.61,28693.99,0.03949081110704577,Values.xlsx
2014-12-01,5014401.45,11087.07,10372.58,27499.42,0.00941790213565829,Values.xlsx
2015-01-01,5091942.68,11329.26,10738.59,29182.95,0.015463706042123833,Values.xlsx
2015-02-01,5354774.04,11266.44,10810.85,29361.5,0.05161710893414856,Values.xlsx
2015-03-01,5196135.6,10890.45,10592.22,27957.49,-0.029625608627922684,Values.xlsx
2015-04-01,5080175.28,10944.03,10416.29,27011.31,-0.02231664623994789,Values.xlsx
2015-05-01,5344220.19,11280.57,10716.09,27828.44,0.051975551127046965,Values.xlsx
2015-06-01,5420700.350000001,11075.35,10679.99,27780.83,0.014310817533886107,Values.xlsx
2015-07-01,5826774.31,11830.8,11273.02,28114.56,0.0749117150517274,Values.xlsx
2015-08-01,5551234.2,10971.27,10734.42,26283.09,-0.04728861894086291,Values.xlsx
2015-09-01,5693983.44,11020.83,10799.2,26154.83,0.025714865353726243,Values.xlsx
2015-10-01,5609116.85,11315.39,10974.6,26656.83,-0.014904607801247974,Values.xlsx
2015-11-01,5689838.25,11636.49,10989.76,26145.67,0.014391106863819458,Values.xlsx
2015-12-01,5994434.65,11836.71,11143.08,26117.54,0.05353340228959942,Values.xlsx
2016-01-01,5311970.81,10869.84,10417.26,24870.69,-0.11384957545579394,Values.xlsx
2016-02-01,4854909.89,9548.33,9575.1,23002,-0.08604356769799343,Values.xlsx
2016-03-01,5300855.05,10541.08,10618.95,25341.86,0.09185446694253684,Values.xlsx
2016-04-01,5496421.55,11020.59,11042.92,25606.62,0.03689338760545811,Values.xlsx
2016-05-01,5422052.15,11142.42,11366.04,26667.96,-0.013530512411297754,Values.xlsx
2016-06-01,5702179.7,11801.32,11717.22,26999.72,0.051664488324775666,Values.xlsx
2016-07-01,6062199.2,12309.95,12661.06,28051.86,0.06313717191340006,Values.xlsx
2016-08-01,6316177.95,12648.79,13217.31,28452.17,0.041895480768761276,Values.xlsx
2016-09-01,6815165.2,12780.8,13166.68,27865.96,0.0790014553025695,Values.xlsx
2016-10-01,7122909.62,13583.14,13473.11,27930.21,0.04515582689030046,Values.xlsx
2016-11-01,6683109.4,12329.65,12498.62,26652.81,-0.06174446166846067,Values.xlsx
2016-12-01,6462585.55,12046.13,12031.34,26626.46,-0.032997192893475684,Values.xlsx
2017-01-01,6735779.45,12935.66,12857.47,27655.96,0.04227315799324318,Values.xlsx
2017-02-01,7168686.7,13690.81,13552.22,28743.32,0.06426980770577338,Values.xlsx
2017-03-01,7672081.05,14433.86,14096.65,29620.5,0.07022127916400638,Values.xlsx
2017-04-01,7952572.28,15372.51,14798.45,29918.4,0.036559993067330855,Values.xlsx
2017-05-01,7919130.58,15080.21,14625.29,31145.8,-0.004205142540370622,Values.xlsx
2017-06-01,8007011.9,15410.52,14644.48,30921.61,0.01109734447641856,Values.xlsx
2017-07-01,8302361.35,16093.56,15389.57,32514.94,0.03688635082458155,Values.xlsx
2017-08-01,8606019.7,15991.63,15539.79,31730.49,0.036574937803688784,Values.xlsx
2017-09-01,8565540.95,16113.68,15436.01,31283.72,-0.004703539082068334,Values.xlsx
2017-10-01,9174549,17600.49,16587.98,33213.13,0.07109977683312585,Values.xlsx
2017-11-01,10025296.85,18228.87,16917.44,33149.35,0.09272911943682459,Values.xlsx
2017-12-01,10375692.75,19230.72,17822.4,34056.83,0.03495117453803878,Values.xlsx
2018-01-01,9806814.6,18716.77,17364.2,35965.02,-0.054827967992787795,Values.xlsx
2018-02-01,9489080.1,18127.93,16562.59,34184.04,-0.03239935829927895,Values.xlsx
2018-03-01,9207797.5,16994.36,15962.59,32968.68,-0.02964276800656363,Values.xlsx
2018-04-01,9909227.06,18401.67,17012.03,35160.36,0.07617777867074081,Values.xlsx
2018-05-01,9595862.65,17249.45,16013.81,35322.28,-0.031623496777557956,Values.xlsx
2018-06-01,9024320.75,16032.15,15450.9,35423.48,-0.05956128394563884,Values.xlsx
2018-07-01,9048580.2,16584.16,16013.44,37606.58,0.00268823002551181,Values.xlsx
2018-08-01,9405409.04,17193.2,16881.33,38645.07,0.039434787791348735,Values.xlsx
2018-09-01,7907974.75,14430.68,14763.2,36227.14,-0.15920990609037874,Values.xlsx
2018-10-01,8043078.8,14201.37,14612.59,34442.05,0.017084532294441103,Values.xlsx
2018-11-01,7769075.15,14427.16,15039.35,36194.3,-0.03406701050846343,Values.xlsx
2018-12-01,7807996.22,14706.69,15438.45,36068.33,0.005009743019411952,Values.xlsx
2019-01-01,7438229.4,13926.22,14560.09,36256.69,-0.04735745376680003,Values.xlsx
2019-02-01,7262828.1,13689.84,14318.36,35867.44,-0.02358105545924689,Values.xlsx
2019-03-01,8159295.75,15027.36,15479.62,38672.91,0.12343231006665302,Values.xlsx
2019-04-01,8034966.1,14624.56,14889.42,39031.55,-0.015237791815549812,Values.xlsx
2019-05-01,8032799.85,14867.04,15096.18,39714.2,-0.0002696028798428907,Values.xlsx
2019-06-01,7468635.17,14239.33,14808.34,39394.64,-0.07023263252351541,Values.xlsx
2019-07-01,6673890.949999999,12692.18,13643.38,37481.12,-0.1064109039884995,Values.xlsx
2019-08-01,6273664.8,12534.7,13467.55,37332.79,-0.05996893761052531,Values.xlsx
2019-09-01,6532951.950000001,13170.76,14104.13,38667.33,0.041329455472342305,Values.xlsx
2019-10-01,6274159.649999999,13558.05,14864.5,40129.05,-0.03961337875751583,Values.xlsx
2019-11-01,6457197.050000001,13560.57,15084.86,40793.81,0.029173213658980023,Values.xlsx
2019-12-01,6545182.7354,13699.37,14967.83,41253.74,0.01362598736242669,Values.xlsx
2020-01-01,7078989.25,14667.96,15462.01,40723.49,0.08155715985023258,Values.xlsx
2020-02-01,6428501.97,13709.01,14600.02,38297.29,-0.09188985277806436,Values.xlsx
2020-03-01,4349044.500000001,9608.92,10569.93,29468.49,-0.3234746570358442,Values.xlsx
2020-04-01,5064351.500000001,11101.84,12013.45,33717.62,0.1644745184833128,Values.xlsx
2020-05-01,5258656.3,10892.6,11843.22,32424.1,0.03836716310074426,Values.xlsx
2020-06-01,6275273.75,12380.75,13055.28,34915.8,0.1933226649553043,Values.xlsx
2020-07-01,6999985.3,13021.76,13759.11,37606.89,0.1154868423070786,Values.xlsx
2020-08-01,8572042.25,14336.18,14661.37,38628.29,0.22458003590378972,Values.xlsx
2020-09-01,9033587.9,14867.36,14705.17,38067.93,0.05384313755569746,Values.xlsx
2020-10-01,9207342.8,14888.08,14904.62,39614.07,0.01923431773990934,Values.xlsx
2020-11-01,11674336.05,16875.15,16914.65,44149.72,0.2679375910713349,Values.xlsx
2020-12-01,12614390.399999999,18098.11,17941.43,47751.33,0.08052315317752033,Values.xlsx
2021-01-01,12418947.67,17988.2,18082.23,46285.77,-0.015493632573794339,Values.xlsx
2021-02-01,15418340.7,20155.35,19978.65,49099.99,0.24151748680329202,Values.xlsx
2021-03-01,15406801.4,20649.33,20181.31,49509.15,-0.0007484138679072569,Values.xlsx
2021-04-01,17192006.599999998,21670.11,20312.2,48782.36,0.11587124112601317,Values.xlsx
2021-05-01,19167257.49,23595.98,21758.39,51937.44,0.11489356280261089,Values.xlsx
2021-06-01,19675105.28,25232.17,22535.95,52482.71,0.026495589693254697,Values.xlsx
2021-07-01,22289105.900000002,26786.62,23087.22,52586.84,0.13285827866228328,Values.xlsx
2021-08-01,21354977.850000005,26919.94,23853.43,57552.39,-0.04190962410923791,Values.xlsx
2021-09-01,22886786.999999996,28081.74,25253.09,59126.36,0.07173077681276971,Values.xlsx
2021-10-01,24145572.35,27982.8,25277.72,59306.93,0.05500052716005988,Values.xlsx
2021-11-01,25679856.899999995,27937.31,24687.6,57064.87,0.06354310130900638,Values.xlsx
2021-12-01,28210590.6,29457.76,24970.08,58253.82,0.09854936925291072,Values.xlsx
2022-01-01,27430126.900000006,29226.73,24613.01,58014.17,-0.02766562781567556,Values.xlsx
2022-02-01,25409053.950000003,26662.33,23355.61,56247.28,-0.07368077287312887,Values.xlsx
2022-03-01,26867735.6,28215.65,24107.97,58568.51,0.057407948083009926,Values.xlsx
2022-04-01,26304475.549999997,28611.92,24418.04,57060.87,-0.020964180174528904,Values.xlsx
2022-05-01,24590351.619999997,26370.81,23143.82,55566.41,-0.06516472555180823,Values.xlsx
2022-06-01,22613004,24786.42,21713.24,53018.94,-0.08041152280196624,Values.xlsx
2022-07-01,22074942.85,27056.38,24050.9,57570.25,-0.02379432427465181,Values.xlsx
2022-08-01,23619261.169999998,28650.88,25408.49,59537.07,0.06995797590479363,Values.xlsx
2022-09-01,22331436.65,28452.91,24853.94,57426.92,-0.0545243354875016,Values.xlsx
2022-10-01,21998903,28817.59,25359.02,60746.59,-0.01489083103840516,Values.xlsx
2022-11-01,22760264.350000005,29519.61,25950.89,63099.65,0.034609059824483306,Values.xlsx
2022-12-01,23634019.15,28926.79,25314.5,60840.74,0.038389483819857,Values.xlsx
2023-01-01,23885376.62,28205.89,24642.73,59549.9,0.010635409424215625,Values.xlsx
2023-02-01,23320998.689999998,27341.14,24157.96,58962.12,-0.023628596650531,Values.xlsx
2023-03-01,24114596.91,26957.01,24065.59,58991.52,0.03402934113367521,Values.xlsx
2023-04-01,26968105.85,28917.07,25492.43,61112.44,0.11833118963795283,Values.xlsx
2023-05-01,29629865.750000004,30524.82,27100.05,62622.24,0.09870029118118438,Values.xlsx
2023-06-01,34226339.15,32602.14,28776.2,64718.56,0.15512974101139806,Values.xlsx
2023-07-01,37836224.14,35002.32,30419.75,66527.67,0.1054709641653277,Values.xlsx
2023-08-01,39822785.5,37143.67,31200.6,64831.41,0.05250421798563749,Values.xlsx
2023-09-01,39547095.2,37562.23,32340.71,65828.41,-0.006922928583185046,Values.xlsx
2023-10-01,39389691.65,36919.1,31245.1,63874.93,-0.003980154527253483,Values.xlsx
2023-11-01,43301766.9,40371.61,34256.42,66988.44,0.09931723469076713,Values.xlsx
2023-12-01,47222615.7,42673.76,36839.22,72240.26,0.09054708573566324,Values.xlsx
2024-01-01,50333193.98,45722.58,38774.5,71752.11,0.0658705205946479,Values.xlsx
2024-02-01,47241583.4,45225.1,39346.98,72500.3,-0.06142289681096845,Values.xlsx
2024-03-01,47081560.9,43166.34,39322.12,73651.35,-0.0033873229575112,Values.xlsx
2024-04-01,52761132.75,47315.93,42121.4,74482.78,0.12063261585704993,Values.xlsx
2024-05-01,55439954.400000006,47263.66,42852.69,73961.31,0.05077263338323618,Values.xlsx
2024-06-01,62617115.49,52130.41,46158.35,79032.73,0.12945827909988317,Values.xlsx
2024-07-01,67170103.25,55332.24,48634.46,81741.31,0.07271155377202122,Values.xlsx
2024-08-01,67318785.55,56021.55,49065.36,82365.77,0.002213519003337203,Values.xlsx
2024-09-01,65997181.31,57130.93,49351.91,84299.78,-0.019632027363571395,Values.xlsx
2024-10-01,63056660.15,54982.87,45966.71,79389.06,-0.04455525374921506,Values.xlsx
2024-11-01,61791545.370000005,55199.86,46070.85,79802.79,-0.020063142846299224,Values.xlsx
2024-12-01,63942509.07,55180.6,46444.66,78139.01,0.03481000009176491,Values.xlsx
2025-01-01,55618887.6,49958.39,43096.45,77500.57,-0.13017351979240996,Values.xlsx
2025-02-01,44825753.6,43082.9,38592.02,73198.1,-0.1940551935813977,Values.xlsx
2025-03-01,51888010.66,46638.13,41531.12,77414.92,0.1575490982933524,Values.xlsx
2025-04-01,54843752.669999994,47400.31,42883.72,80242.24,0.056963872239537465,Values.xlsx
2025-05-01,63435480.67999999,52413.25,45136.35,81451.01,0.15665828087471023,Values.xlsx
2025-06-01,63696945.04000001,54690.91,46854.46,83606.46,0.004121736876543431,Values.xlsx
2025-07-01,59112885.38,53425.29,45781.65,81185.58,-0.07196671138814169,Values.xlsx
2025-08-01,57212136.57,51449.23,44642.31,79809.65,-0.03215455983549559,Values.xlsx
2025-09-01,57927270.73,52195.09,44916.33,80267.62,0.012499693297155891,Values.xlsx
2025-10-01,58858066.41,53876.14,47044.59,83938.71,0.016068350334308937,Values.xlsx
2025-11-01,54427895.769999996,52053.71,47211.4,85706.67,-0.07526870844073998,Values.xlsx
2025-12-01,53586888.67,51525.46,46954.34,85220.6,-0.015451765828940003,Values.xlsx
2026-01-01,49612884.38,48284.4,45182.08,82269.78,-0.07416001168630638,Values.xlsx
2026-02-01,48853823.150000006,48504.65,45630.47,81287.19,-0.015299679498295613,Values.xlsx
2026-03-01,42756021.24000001,43218.12,40537.34,71947.55,-0.12481729201166922,Values.xlsx
2026-04-01,52607642.17999999,51692.7,46133.63,76913.5,0.2304148200483956,Values.xlsx
2026-05-01,57387888.12,52980.52,46860.51,74775.74,0.09086599858712782,Values.xlsx
